,User_ID,Age,Gender,Height_cm,Initial_Weight_kg,Stress_Level,Sleep_Hours,Caffeine_mg,Calories_Consumed,Protein_g,Carbs_g,Fat_g,Steps,Workout_Type,Workout_Intensity,Temp_C,Weight_Change,Current_Weight_kg
21,-9,25.0,Male,191.0336522466524,108.53399572185336,8.0,5.497506529435612,314.3008753228762,2825.7877690170817,176.6,317.9,94.2,7994.0,Yoga,4.0,11.792554715559197,0.2466042587315295,108.7805999805849
11,-9,30.0,Male,171.40034182408624,95.25746565535847,1.0,6.468892443076875,257.6150419965606,,123.1,221.7,65.7,8103.0,Strength,9.0,17.65528934777393,0.0239193066075564,95.28138496196604
100,-9,26.0,Female,169.0372642361419,124.37804562526384,1.0,7.78958440959892,245.83929516645625,2819.2993210466648,176.2,317.2,94.0,8000.0,None,0.0,40.43866555911703,0.248942157368745,124.62698778263258
60,-9,50.0,Female,163.36380681542116,132.90420076639356,7.0,8.480000464434477,75.73070633742742,1941.30006533344,121.3,218.4,64.7,8126.0,Yoga,9.0,20.74122785639882,0.1553790914898001,133.05957985788336
122,-9,62.0,Other,168.75439655505588,141.3011232547058,5.0,3.0,354.3569204356062,2085.5739013053626,130.3,234.6,69.5,8033.0,Cardio,7.0,20.667504237727265,0.1345223352109778,141.4356455899168
0,1,,,,,,,,,,,,,,,,,
